Batch_Idx,Avg_Reward,Loss_Job,Loss_Mch,Val_Makespan,Time
0,-4602.2894,1.7535,-0.0018,0.0000,10.91
1,-3405.3612,1.7457,0.0066,0.0000,9.90
2,-3370.3916,1.5125,0.0702,0.0000,10.76
3,-3059.6874,1.3922,-0.0271,0.0000,10.15
4,-3109.8398,1.1732,-0.0782,0.0000,10.70
5,-3520.5992,1.0850,-0.0571,0.0000,10.76
6,-2949.9817,0.9405,-0.1012,0.0000,10.76
7,-3324.0327,1.0958,-0.0448,0.0000,10.60
8,-2784.5633,0.6406,-0.0574,0.0000,10.54
9,-2242.5537,0.5779,-0.0838,0.0000,11.05
10,-1513.0225,1.3625,0.0148,0.0000,10.99
11,-1388.0267,1.2909,0.1752,0.0000,9.96
12,-1622.7078,0.6124,-0.0249,0.0000,10.11
13,-1612.7285,0.5503,-0.0659,0.0000,10.71
14,-1607.0852,0.3622,-0.0441,0.0000,10.16
15,-1889.6043,0.3672,-0.0844,0.0000,10.17
16,-2076.4893,0.2283,-0.0842,0.0000,10.87
17,-1992.7019,0.3747,-0.0761,0.0000,10.37
18,-1802.2049,0.2810,-0.0790,0.0000,9.77
19,-2055.9662,0.3405,-0.0718,367.1222,10.65
20,-1842.2162,0.3154,-0.0988,0.0000,59.95
21,-2079.5296,0.3527,-0.0774,0.0000,10.07
22,-1601.7134,0.3382,-0.0670,0.0000,11.52
23,-1639.4393,0.2920,-0.0799,0.0000,9.83
24,-1634.5028,0.2857,-0.1105,0.0000,9.92
25,-1706.7325,0.2426,-0.0495,0.0000,10.06
26,-1609.0765,0.1992,-0.0698,0.0000,10.67
27,-1582.8731,0.1748,-0.1092,0.0000,10.69
28,-1606.9709,0.1953,-0.1233,0.0000,10.59
29,-1286.1178,0.1719,-0.0596,0.0000,9.83
30,-1116.4641,0.4810,-0.0914,0.0000,9.87
31,-1313.4985,0.2891,-0.0974,0.0000,9.51
32,-1095.8287,0.2799,-0.0585,0.0000,10.66
33,-1148.2504,0.1822,-0.0825,0.0000,10.60
34,-1382.9929,0.1833,-0.0889,0.0000,9.78
35,-1197.0280,0.1452,-0.0729,0.0000,10.86
36,-1181.5669,0.1983,-0.0844,0.0000,10.35
37,-1250.6560,0.1609,-0.0668,0.0000,9.64
38,-2200.5939,0.3676,-0.0570,0.0000,10.34
39,-1985.6572,0.3901,-0.0318,1624.3821,11.10
40,-1088.6792,0.2410,-0.0217,0.0000,62.56
41,-2233.0110,0.3870,0.0237,0.0000,10.43
42,-2284.0942,0.1988,-0.0777,0.0000,10.41
43,-2366.6046,0.1822,-0.0490,0.0000,9.86
44,-2234.4813,0.1564,-0.0650,0.0000,10.75
45,-1873.6652,0.1967,-0.0812,0.0000,10.35
46,-2275.4022,0.2505,-0.0590,0.0000,9.92
47,-1542.6507,0.2150,-0.0720,0.0000,10.65
48,-1678.9095,0.1638,-0.0545,0.0000,10.45
49,-2256.6276,0.2225,-0.0480,0.0000,9.84
50,-2162.0289,0.2213,-0.0562,0.0000,11.03
51,-2175.1228,0.3137,-0.0450,0.0000,10.15
52,-1741.9770,0.1623,-0.0663,0.0000,9.70
53,-1515.7641,0.2412,-0.0552,0.0000,10.79
54,-1425.1005,0.1497,-0.0682,0.0000,10.50
55,-1553.0142,0.1776,-0.0756,0.0000,10.67
56,-1727.5627,0.1206,-0.0710,0.0000,10.81
57,-2062.4643,0.1288,-0.0557,0.0000,10.81
58,-1195.7028,0.2589,-0.0634,0.0000,10.57
59,-1097.0291,0.1329,-0.0549,354.2021,9.63
60,-1131.3452,0.1199,-0.0758,0.0000,60.12
61,-1290.9392,0.1362,-0.0993,0.0000,9.43
62,-1022.8820,0.1017,-0.0677,0.0000,10.68
63,-1023.9535,0.1367,-0.0926,0.0000,10.52
64,-912.2698,0.0951,-0.0646,0.0000,9.90
65,-875.8818,0.1581,-0.0535,0.0000,10.18
66,-914.9226,0.1075,-0.0634,0.0000,10.57
67,-760.2811,0.1277,-0.0711,0.0000,10.02
68,-699.4371,0.1657,-0.0770,0.0000,9.74
69,-819.8190,0.1228,-0.0334,0.0000,10.71
70,-738.8841,0.2183,-0.0631,0.0000,10.79
71,-750.9234,0.1159,-0.0780,0.0000,9.47
72,-652.9196,0.0998,-0.0695,0.0000,10.77
73,-656.0392,0.1096,-0.0323,0.0000,10.60
74,-598.0913,0.1183,-0.0833,0.0000,10.09
75,-636.9156,0.1457,-0.0678,0.0000,10.36
76,-642.2347,0.0981,-0.0677,0.0000,10.55
77,-655.2030,0.1247,-0.0487,0.0000,10.79
78,-657.6568,0.1153,-0.0806,0.0000,10.65
79,-633.5671,0.1480,-0.0517,938.9312,10.09
80,-579.4711,0.0663,-0.0607,0.0000,61.77
81,-581.6850,0.0709,-0.0700,0.0000,9.56
82,-624.5668,0.0896,-0.0617,0.0000,10.66
83,-569.2969,0.2248,-0.0169,0.0000,10.38
84,-445.9402,0.7837,-0.0549,0.0000,9.81
85,-617.4135,0.1056,-0.0528,0.0000,10.85
86,-591.1968,0.0684,-0.0721,0.0000,10.35
87,-643.3948,0.0858,-0.0947,0.0000,9.70
88,-677.1186,0.1925,-0.0883,0.0000,10.95
89,-677.6544,0.1571,-0.0442,0.0000,11.17
90,-759.0321,0.1307,-0.0768,0.0000,10.00
91,-719.1631,0.3364,0.0172,0.0000,9.68
92,-631.7367,0.3799,-0.0319,0.0000,10.08
93,-588.7824,0.2398,-0.0427,0.0000,10.77
94,-629.3347,0.2941,0.0067,0.0000,10.72
95,-496.7563,0.7485,-0.0392,0.0000,10.40
96,-521.3444,0.2277,-0.0454,0.0000,9.85
97,-552.5341,0.2370,-0.0190,0.0000,9.89
98,-521.7602,0.2075,-0.0150,0.0000,9.93
99,-484.4836,0.1161,-0.0532,585.4993,10.02
100,-500.3162,0.1147,-0.0605,0.0000,60.71
101,-477.0441,0.1797,-0.0524,0.0000,10.35
102,-432.0595,0.0668,-0.0570,0.0000,10.32
103,-482.5394,0.1735,-0.0199,0.0000,10.36
104,-461.1073,0.0913,-0.0301,0.0000,11.17
105,-515.0432,0.0931,-0.0379,0.0000,10.24
106,-457.6740,0.1017,-0.0589,0.0000,10.51
107,-454.7023,0.1530,-0.0494,0.0000,10.26
108,-472.9574,0.0931,-0.0393,0.0000,10.33
109,-476.0983,0.1352,-0.0387,0.0000,10.43
110,-483.6701,0.0879,-0.0623,0.0000,10.40
111,-469.4943,0.0978,-0.0477,0.0000,9.61
112,-478.9339,0.0948,-0.0388,0.0000,10.66
113,-412.2996,0.2565,-0.0099,0.0000,10.55
114,-495.4555,0.1302,-0.0157,0.0000,9.98
115,-542.7120,0.1043,-0.0379,0.0000,10.74
116,-553.9085,0.1792,-0.0631,0.0000,10.26
117,-522.2986,0.1212,-0.0514,0.0000,10.40
118,-519.5171,0.1173,-0.0349,0.0000,11.08
119,-569.3362,0.0992,-0.0480,353.4547,10.18
120,-543.0605,0.0797,-0.0491,0.0000,61.04
121,-548.6095,0.0695,-0.0504,0.0000,9.77
122,-541.5427,0.0634,-0.0488,0.0000,9.90
123,-560.6679,0.0741,-0.0407,0.0000,10.76
124,-519.1314,0.0964,-0.0347,0.0000,10.31
125,-501.0537,0.0929,-0.0341,0.0000,9.73
126,-522.9872,0.0705,-0.0454,0.0000,10.73
127,-497.9625,0.1255,-0.0345,0.0000,10.86
128,-491.8973,0.0854,-0.0246,0.0000,9.69
129,-466.5966,0.0518,-0.0471,0.0000,9.82
130,-479.6107,0.0754,-0.0229,0.0000,10.95
131,-448.9178,0.0768,-0.0354,0.0000,10.03
132,-473.8138,0.0751,-0.0431,0.0000,9.80
133,-484.9144,0.1205,-0.0301,0.0000,10.36
134,-442.8262,0.0824,-0.0343,0.0000,10.64
135,-442.8829,0.1418,-0.0339,0.0000,9.97
136,-425.5476,0.1173,-0.0327,0.0000,9.93
137,-420.0093,0.0971,-0.0299,0.0000,10.80
138,-442.4568,0.1177,-0.0188,0.0000,10.29
139,-429.3396,0.1612,-0.0544,357.3801,9.73
140,-427.9149,0.2686,-0.0205,0.0000,59.86
141,-435.5239,0.1617,-0.0312,0.0000,9.32
142,-421.5992,0.1740,-0.0257,0.0000,9.89
143,-438.8805,0.1437,-0.0165,0.0000,10.60
144,-482.0554,0.1393,-0.0249,0.0000,10.51
145,-431.0884,0.0918,-0.0290,0.0000,9.85
146,-428.9177,0.0690,-0.0210,0.0000,10.65
147,-457.4527,0.1165,-0.0342,0.0000,10.48
148,-438.7014,0.1044,-0.0320,0.0000,9.67
149,-404.1992,0.0985,-0.0259,0.0000,10.24
150,-439.8020,0.1295,0.1243,0.0000,10.82
151,-400.4330,0.1289,0.0062,0.0000,9.43
152,-398.8094,0.1495,-0.0235,0.0000,10.19
153,-412.8380,0.1713,-0.0300,0.0000,10.80
154,-412.1070,0.2912,-0.0091,0.0000,10.31
155,-437.8912,0.2329,-0.0215,0.0000,10.02
156,-384.2717,0.1198,-0.0210,0.0000,10.71
157,-426.6726,0.1335,-0.0282,0.0000,10.27
158,-425.3956,0.1872,-0.0129,0.0000,9.70
159,-410.1311,0.2167,-0.0114,371.2890,9.93
160,-416.7711,0.1488,-0.0226,0.0000,59.51
161,-414.3380,0.1360,-0.0143,0.0000,10.10
162,-416.2461,0.0801,-0.0247,0.0000,9.87
163,-436.8869,0.1382,-0.0252,0.0000,9.80
164,-404.3035,0.1508,-0.0213,0.0000,9.93
165,-366.1897,0.1405,-0.0238,0.0000,9.89
166,-409.8911,0.1290,-0.0317,0.0000,9.86
167,-397.8192,0.1346,-0.0081,0.0000,9.84
168,-379.6826,0.2092,-0.0157,0.0000,9.95
169,-402.4625,0.0745,-0.0197,0.0000,9.84
170,-402.1525,0.1183,-0.0226,0.0000,10.82
171,-405.1155,0.1138,-0.0180,0.0000,10.03
172,-402.8682,0.0922,-0.0206,0.0000,10.08
173,-381.8006,0.1433,-0.0189,0.0000,9.93
174,-399.9205,0.1329,-0.0268,0.0000,10.39
175,-380.9967,0.1823,-0.0091,0.0000,10.65
176,-372.9769,0.0893,-0.0095,0.0000,10.23
177,-403.9863,0.1534,-0.0365,0.0000,10.46
178,-367.3117,0.2793,0.0054,0.0000,10.30
179,-409.1552,0.1191,-0.0099,364.0359,9.97
180,-420.8952,0.1169,-0.0188,0.0000,59.43
181,-406.8446,0.1690,-0.0251,0.0000,9.90
182,-368.3494,0.0977,-0.0291,0.0000,10.61
183,-382.3185,0.0646,-0.0210,0.0000,10.17
184,-396.4679,0.0935,-0.0248,0.0000,9.89
185,-419.6287,0.1413,-0.0333,0.0000,10.92
186,-397.9617,0.1359,-0.0059,0.0000,10.63
187,-413.5279,0.1241,-0.0236,0.0000,10.52
188,-382.5655,0.1769,-0.0294,0.0000,10.71
189,-382.6176,0.1169,-0.0344,0.0000,10.06
190,-419.8934,0.0785,-0.0334,0.0000,10.62
191,-414.9492,0.1116,-0.0127,0.0000,10.01
192,-481.9150,0.1606,-0.0308,0.0000,10.91
193,-385.9525,0.1006,-0.0340,0.0000,10.56
194,-394.9051,0.1578,-0.0382,0.0000,9.96
195,-400.0146,0.1978,-0.0392,0.0000,10.69
196,-445.5033,0.1069,-0.0213,0.0000,10.30
197,-424.1025,0.0636,-0.0130,0.0000,9.65
198,-402.4607,0.1004,-0.0232,0.0000,9.93
199,-414.2616,0.1041,-0.0310,382.6968,10.72
200,-404.6012,0.1163,-0.0330,0.0000,58.85
201,-438.3016,0.1609,-0.0303,0.0000,9.82
202,-388.5562,0.1084,-0.0216,0.0000,10.32
203,-406.1622,0.1022,-0.0341,0.0000,10.69
204,-375.1310,0.1181,-0.0230,0.0000,9.84
205,-398.8359,0.1585,-0.0322,0.0000,10.44
206,-407.2880,0.1132,-0.0295,0.0000,10.60
207,-442.3475,0.1903,-0.0298,0.0000,10.33
208,-404.5387,0.1386,-0.0165,0.0000,10.75
209,-402.5576,0.1103,-0.0234,0.0000,9.84
210,-410.7609,0.1126,-0.0409,0.0000,10.35
211,-401.6256,0.1803,-0.0183,0.0000,10.36
212,-392.5371,0.1295,-0.0169,0.0000,10.29
213,-377.6514,0.1512,-0.0264,0.0000,9.80
214,-431.0538,0.1442,-0.0200,0.0000,10.75
215,-383.2825,0.1582,-0.0259,0.0000,10.55
216,-388.8004,0.1600,0.0186,0.0000,10.17
217,-408.7969,0.1158,-0.0151,0.0000,10.78
218,-370.5352,0.1936,-0.0349,0.0000,10.16
219,-360.9435,0.1364,-0.0128,362.9294,10.54
220,-386.2646,0.0929,-0.0223,0.0000,58.90
221,-367.3794,0.1159,-0.0230,0.0000,10.28
222,-384.7239,0.1262,-0.0239,0.0000,10.40
223,-371.6376,0.1110,-0.0133,0.0000,10.04
224,-412.2082,0.1909,-0.0333,0.0000,10.69
225,-397.3114,0.1622,-0.0188,0.0000,10.61
226,-383.1103,0.1769,-0.0287,0.0000,10.53
227,-404.3336,0.0981,-0.0314,0.0000,11.02
228,-414.0307,0.1493,-0.0170,0.0000,10.03
229,-366.2700,0.1002,-0.0066,0.0000,10.51
230,-385.2869,0.1318,-0.0292,0.0000,10.72
231,-352.3447,0.1653,-0.0145,0.0000,9.64
232,-351.9345,0.1455,-0.0184,0.0000,9.79
233,-384.2176,0.2727,-0.0153,0.0000,11.03
234,-374.0217,0.1247,-0.0270,0.0000,11.02
235,-381.3998,0.1661,-0.0157,0.0000,10.25
236,-380.6545,0.1473,-0.0156,0.0000,10.86
237,-353.2615,0.1687,-0.0137,0.0000,11.07
238,-382.5682,0.1503,-0.0189,0.0000,9.85
239,-354.5795,0.1192,-0.0153,352.6706,9.98
240,-359.6190,0.1187,-0.0241,0.0000,60.10
241,-348.8405,0.1172,-0.0257,0.0000,10.41
242,-357.3712,0.1837,-0.0211,0.0000,10.53
243,-352.2371,0.1653,-0.0324,0.0000,10.88
244,-359.1378,0.1539,-0.0148,0.0000,9.58
245,-365.3668,0.2416,-0.0089,0.0000,10.75
246,-378.4862,0.1510,-0.0147,0.0000,10.66
247,-371.8367,0.2247,-0.0210,0.0000,9.60
248,-355.2920,0.1209,-0.0184,0.0000,9.72
249,-381.3161,0.1201,-0.0148,0.0000,10.70
250,-335.7638,0.1564,-0.0200,0.0000,10.68
251,-356.4739,0.2045,-0.0099,0.0000,9.33
252,-357.8180,0.1536,-0.0177,0.0000,10.39
253,-365.4031,0.1915,-0.0200,0.0000,10.80
254,-385.7210,0.1435,-0.0171,0.0000,9.86
255,-384.1405,0.1661,-0.0161,0.0000,10.02
256,-359.6209,0.1248,-0.0233,0.0000,10.75
257,-367.8422,0.1805,-0.0165,0.0000,10.22
258,-361.0721,0.1716,-0.0197,0.0000,9.78
259,-357.0936,0.1392,-0.0177,359.3044,10.67
260,-366.0359,0.1075,-0.0135,0.0000,59.99
261,-363.3640,0.1039,-0.0190,0.0000,10.29
262,-379.6228,0.1168,-0.0140,0.0000,10.78
263,-382.6789,0.1434,-0.0186,0.0000,10.65
264,-391.7378,0.2305,-0.0095,0.0000,9.91
265,-354.9220,0.0994,-0.0120,0.0000,10.65
266,-366.4414,0.1176,-0.0139,0.0000,10.38
267,-358.7641,0.1531,-0.0180,0.0000,9.82
268,-387.5736,0.1677,-0.0257,0.0000,10.85
269,-348.8598,0.1856,-0.0168,0.0000,10.33
270,-392.3355,0.1923,-0.0120,0.0000,9.90
271,-373.1381,0.1818,-0.0192,0.0000,9.78
272,-364.4730,0.0999,-0.0238,0.0000,10.78
273,-358.5101,0.1024,-0.0194,0.0000,10.50
274,-331.1728,0.1727,-0.0137,0.0000,9.82
275,-346.0949,0.1067,-0.0125,0.0000,10.91
276,-349.8265,0.1293,-0.0192,0.0000,10.29
277,-374.1855,0.1352,-0.0200,0.0000,9.82
278,-369.2759,0.1746,-0.0184,0.0000,10.66
279,-356.4411,0.2084,-0.0233,366.2581,10.56
280,-362.1356,0.1720,-0.0259,0.0000,61.13
281,-353.3362,0.1263,-0.0115,0.0000,10.43
282,-381.4917,0.2939,-0.0054,0.0000,10.21
283,-395.1296,0.2064,-0.0226,0.0000,10.77
284,-373.1273,0.0931,-0.0122,0.0000,10.00
285,-386.7628,0.1154,-0.0235,0.0000,9.70
286,-383.6365,0.1265,-0.0178,0.0000,10.16
287,-422.9952,0.1118,-0.0155,0.0000,10.67
288,-378.3768,0.1586,-0.0181,0.0000,10.00
289,-349.9339,0.1498,-0.0156,0.0000,9.78
290,-392.4891,0.1484,-0.0214,0.0000,10.87
291,-353.4866,0.0994,-0.0159,0.0000,10.42
292,-378.6712,0.0939,-0.0158,0.0000,10.23
293,-390.4700,0.2211,-0.0154,0.0000,10.79
294,-364.7953,0.2225,-0.0175,0.0000,10.08
295,-335.6338,0.1234,-0.0144,0.0000,10.62
296,-362.3375,0.1271,-0.0193,0.0000,10.73
297,-369.0826,0.1297,-0.0197,0.0000,10.80
298,-380.3957,0.1392,-0.0161,0.0000,10.65
299,-449.6497,0.1158,-0.0213,365.8093,9.82
300,-354.3018,0.1312,-0.0091,0.0000,59.72
301,-379.9462,0.0972,-0.0253,0.0000,9.61
302,-378.5430,0.1392,-0.0143,0.0000,9.98
303,-388.9427,0.1255,-0.0122,0.0000,9.91
304,-408.0943,0.1566,-0.0169,0.0000,9.77
305,-354.5828,0.1378,-0.0179,0.0000,9.95
306,-364.2216,0.2177,-0.0125,0.0000,10.07
307,-380.9634,0.1805,-0.0182,0.0000,10.90
308,-368.6980,0.1116,-0.0157,0.0000,10.48
309,-372.4911,0.1088,-0.0197,0.0000,10.50
310,-346.4999,0.0849,-0.0133,0.0000,10.10
311,-370.6921,0.1067,-0.0180,0.0000,9.65
312,-363.6982,0.1122,-0.0159,0.0000,9.94
313,-365.7682,0.1143,-0.0104,0.0000,9.89
314,-375.9575,0.1528,-0.0119,0.0000,9.92
315,-342.7095,0.1347,-0.0080,0.0000,10.33
316,-365.4099,0.1213,-0.0093,0.0000,10.84
317,-348.9815,0.1654,-0.0125,0.0000,9.87
318,-335.2775,0.2689,-0.0177,0.0000,10.40
319,-337.3354,0.1369,-0.0053,354.3534,10.68
320,-354.8597,0.2158,-0.0211,0.0000,59.80
321,-337.9988,0.1451,-0.0167,0.0000,10.50
322,-359.3101,0.1480,-0.0129,0.0000,10.77
323,-367.9304,0.1108,-0.0025,0.0000,10.70
324,-381.1298,0.1322,-0.0132,0.0000,10.75
325,-340.6595,0.0970,-0.0129,0.0000,10.94
326,-367.1308,0.1124,-0.0157,0.0000,10.51
327,-378.5451,0.1846,-0.0142,0.0000,10.28
328,-361.4555,0.2096,-0.0148,0.0000,10.81
329,-358.2963,0.1002,-0.0112,0.0000,10.05
330,-351.3846,0.0666,-0.0190,0.0000,10.29
331,-372.1690,0.2140,-0.0131,0.0000,10.12
332,-381.6407,0.1159,-0.0179,0.0000,10.54
333,-334.3079,0.1635,-0.0177,0.0000,10.70
334,-369.1246,0.1213,-0.0173,0.0000,10.33
335,-353.7931,0.1371,-0.0242,0.0000,10.00
336,-363.1822,0.1636,-0.0086,0.0000,10.81
337,-380.3189,0.1205,-0.0184,0.0000,10.63
338,-366.3355,0.0971,-0.0249,0.0000,9.99
339,-359.9958,0.3529,-0.0166,357.6928,10.86
340,-370.8822,0.2406,-0.0121,0.0000,60.21
341,-339.2520,0.1338,-0.0121,0.0000,10.02
342,-363.0421,0.2424,-0.0132,0.0000,10.90
343,-366.8716,0.2171,-0.0075,0.0000,10.59
344,-340.4886,0.1989,-0.0182,0.0000,10.91
345,-372.0160,0.2154,-0.0156,0.0000,10.52
346,-356.7409,0.2713,-0.0116,0.0000,9.68
347,-356.8753,0.1672,-0.0139,0.0000,10.68
348,-352.4315,0.1411,-0.0175,0.0000,10.68
349,-349.4381,0.1583,-0.0157,0.0000,9.61
350,-360.2407,0.1672,-0.0176,0.0000,10.92
351,-361.1680,0.1932,-0.0154,0.0000,10.49
352,-344.1197,0.1386,-0.0209,0.0000,9.78
353,-347.1578,0.1240,-0.0235,0.0000,10.35
354,-374.5539,0.1642,-0.0132,0.0000,10.87
355,-355.7102,0.1831,-0.0231,0.0000,9.88
356,-365.0559,0.1690,-0.0168,0.0000,10.66
357,-351.2264,0.1265,-0.0144,0.0000,10.42
358,-376.9630,0.1340,-0.0178,0.0000,10.88
359,-369.5883,0.1788,-0.0186,386.2345,10.57
360,-339.7697,0.1883,-0.0229,0.0000,59.85
361,-360.9167,0.1126,-0.0186,0.0000,9.63
362,-351.2157,0.0982,-0.0192,0.0000,10.55
363,-347.9776,0.1532,-0.0192,0.0000,10.62
364,-347.5445,0.1031,-0.0148,0.0000,9.97
365,-375.8594,0.1114,-0.0219,0.0000,10.46
366,-388.5002,0.1238,-0.0117,0.0000,10.61
367,-379.4969,0.1124,-0.0179,0.0000,10.75
368,-363.2089,0.1666,-0.0117,0.0000,10.64
369,-381.1206,0.1293,-0.0239,0.0000,10.38
370,-386.5142,0.1456,-0.0228,0.0000,10.89
371,-343.0936,0.2113,-0.0187,0.0000,9.73
372,-353.1466,0.1476,-0.0227,0.0000,9.56
373,-354.4556,0.0853,-0.0199,0.0000,9.86
374,-352.6338,0.1014,-0.0194,0.0000,10.64
375,-333.0863,0.0805,-0.0166,0.0000,10.45
376,-352.8816,0.1187,-0.0135,0.0000,10.46
377,-349.2511,0.1243,-0.0193,0.0000,9.87
378,-380.4790,0.1451,-0.0134,0.0000,9.89
379,-334.1503,0.1333,-0.0197,373.2916,9.91
380,-365.9951,0.1773,-0.0206,0.0000,59.48
381,-368.5706,0.1657,-0.0252,0.0000,9.70
382,-385.4036,0.1707,-0.0171,0.0000,9.91
383,-369.0320,0.0890,-0.0159,0.0000,9.92
384,-362.4312,0.0964,-0.0205,0.0000,9.62
385,-364.9810,0.0883,-0.0165,0.0000,10.12
386,-341.3759,0.1177,-0.0157,0.0000,10.65
387,-360.8370,0.1081,-0.0168,0.0000,10.25
388,-346.9114,0.1755,-0.0233,0.0000,10.54
389,-336.3120,0.0702,-0.0120,0.0000,10.24
390,-353.8543,0.1300,-0.0152,0.0000,11.08
391,-349.5505,0.1538,-0.0143,0.0000,10.33
392,-354.6076,0.1828,-0.0165,0.0000,10.05
393,-375.0049,0.1216,-0.0179,0.0000,10.74
394,-364.6000,0.1711,-0.0220,0.0000,10.22
395,-388.8599,0.2254,-0.0143,0.0000,9.84
396,-386.5651,0.1408,-0.0100,0.0000,10.78
397,-360.6515,0.1625,-0.0138,0.0000,10.37
398,-346.7109,0.1025,-0.0175,0.0000,9.61
399,-355.0155,0.2126,-0.0112,353.6985,10.22
400,-347.7061,0.2037,-0.0156,0.0000,59.02
401,-357.3645,0.0884,-0.0149,0.0000,9.47
402,-351.1237,0.1892,-0.0192,0.0000,10.29
403,-359.2248,0.1333,-0.0085,0.0000,10.48
404,-352.3991,0.1281,-0.0092,0.0000,10.15
405,-361.1376,0.2616,-0.0158,0.0000,10.39
406,-350.6714,0.1468,-0.0177,0.0000,10.67
407,-352.8489,0.1311,-0.0199,0.0000,9.88
408,-349.1328,0.2036,-0.0142,0.0000,9.86
409,-364.7066,0.2109,-0.0193,0.0000,10.72
410,-350.3885,0.1205,-0.0166,0.0000,10.62
411,-326.1134,0.1263,-0.0153,0.0000,9.40
412,-355.5739,0.0833,-0.0173,0.0000,10.29
413,-374.9421,0.1349,-0.0174,0.0000,10.65
414,-393.8679,0.1084,-0.0209,0.0000,10.01
415,-358.1692,0.1218,-0.0139,0.0000,10.00
416,-361.9326,0.0786,-0.0195,0.0000,10.75
417,-389.5168,0.1882,-0.0095,0.0000,10.58
418,-381.2983,0.1278,-0.0122,0.0000,9.80
419,-357.9575,0.0895,-0.0255,370.7508,10.29
420,-371.1680,0.1395,-0.0147,0.0000,59.06
421,-365.1575,0.1193,-0.0196,0.0000,10.40
422,-367.1378,0.0635,-0.0159,0.0000,10.62
423,-352.0383,0.1088,-0.0210,0.0000,9.55
424,-365.2617,0.1081,-0.0184,0.0000,9.93
425,-369.6639,0.2065,-0.0165,0.0000,10.76
426,-401.1945,0.1930,-0.0137,0.0000,10.30
427,-360.0434,0.1386,-0.0125,0.0000,9.88
428,-356.4759,0.0858,-0.0257,0.0000,10.74
429,-359.9112,0.1461,-0.0279,0.0000,10.37
430,-371.4731,0.1454,-0.0078,0.0000,9.74
431,-349.8553,0.1303,-0.0133,0.0000,9.67
432,-367.7369,0.0807,-0.0172,0.0000,10.85
433,-374.7353,0.1456,-0.0266,0.0000,10.18
434,-352.6353,0.1310,-0.0047,0.0000,10.04
435,-357.4800,0.1426,-0.0145,0.0000,10.77
436,-387.3039,0.1562,-0.0152,0.0000,10.25
437,-345.3588,0.1320,-0.0120,0.0000,9.65
438,-358.1418,0.0762,-0.0192,0.0000,10.69
439,-352.1306,0.1377,-0.0140,552.3337,10.73
440,-359.5133,0.1229,-0.0303,0.0000,62.25
441,-369.4805,0.1171,-0.0111,0.0000,10.11
442,-341.9729,0.1612,-0.0199,0.0000,10.67
443,-355.7877,0.1071,-0.0238,0.0000,10.17
444,-360.1544,0.0839,-0.0158,0.0000,10.80
445,-360.3455,0.1356,-0.0194,0.0000,10.39
446,-355.3286,0.1383,-0.0256,0.0000,10.45
447,-383.5637,0.0882,-0.0201,0.0000,10.86
448,-368.7649,0.1209,-0.0122,0.0000,10.11
449,-339.2886,0.1683,-0.0148,0.0000,9.94
450,-356.9976,0.1001,-0.0199,0.0000,10.16
451,-347.6442,0.1234,-0.0187,0.0000,9.64
452,-358.7071,0.1756,-0.0133,0.0000,9.79
453,-361.4186,0.2196,-0.0186,0.0000,9.90
454,-372.4712,0.3027,-0.0145,0.0000,9.96
455,-344.9741,0.1866,-0.0108,0.0000,10.78
456,-371.3513,0.1485,-0.0265,0.0000,10.64
457,-371.0118,0.1362,-0.0212,0.0000,10.66
458,-346.2655,0.2497,-0.0043,0.0000,9.90
459,-359.3573,0.1721,-0.0104,357.2147,10.22
460,-347.5730,0.1577,-0.0254,0.0000,59.74
461,-358.3804,0.1344,-0.0071,0.0000,9.42
462,-367.7618,0.0964,-0.0155,0.0000,9.90
463,-345.9121,0.1245,-0.0175,0.0000,10.78
464,-341.4675,0.1091,-0.0140,0.0000,10.24
465,-360.5409,0.2884,-0.0185,0.0000,9.64
466,-339.6026,0.1181,-0.0137,0.0000,10.77
467,-347.5392,0.1184,-0.0233,0.0000,10.69
468,-372.5521,0.0903,-0.0089,0.0000,10.10
469,-344.9097,0.1578,-0.0195,0.0000,10.58
470,-360.8104,0.1708,-0.0195,0.0000,10.53
471,-362.1627,0.1724,-0.0141,0.0000,9.56
472,-390.5942,0.0924,-0.0232,0.0000,10.52
473,-405.1309,0.1854,-0.0155,0.0000,10.47
474,-338.9753,0.1397,-0.0128,0.0000,10.02
475,-372.4773,0.1537,-0.0146,0.0000,10.34
476,-326.1137,0.2076,-0.0326,0.0000,10.66
477,-387.6196,0.1101,-0.0124,0.0000,9.95
478,-352.2080,0.0942,-0.0172,0.0000,10.60
479,-352.9151,0.1311,-0.0173,364.2182,10.44
480,-402.0998,0.1503,-0.0228,0.0000,59.78
481,-374.7289,0.1120,-0.0229,0.0000,9.39
482,-364.7798,0.1164,-0.0283,0.0000,9.86
483,-334.9706,0.1305,-0.0196,0.0000,10.75
484,-365.6000,0.0966,-0.0228,0.0000,10.36
485,-353.8098,0.1253,-0.0093,0.0000,10.34
486,-351.6815,0.1157,-0.0267,0.0000,10.72
487,-352.9374,0.0658,-0.0219,0.0000,10.08
488,-418.0753,0.1402,-0.0052,0.0000,9.88
489,-373.6705,0.1678,-0.0172,0.0000,10.78
490,-394.5320,0.2089,-0.0179,0.0000,10.85
491,-364.5301,0.0900,-0.0291,0.0000,9.34
492,-367.9945,0.1150,-0.0262,0.0000,9.93
493,-331.9804,0.0944,-0.0181,0.0000,10.62
494,-354.4645,0.0759,-0.0195,0.0000,10.43
495,-407.7278,0.1039,-0.0127,0.0000,9.72
496,-370.0460,0.1537,-0.0271,0.0000,10.75
497,-379.1563,0.0972,-0.0113,0.0000,10.53
498,-374.2844,0.1173,-0.0204,0.0000,9.60
499,-381.1627,0.1769,-0.0265,398.9491,10.76
500,-351.1606,0.1080,-0.0246,0.0000,58.52
501,-359.3637,0.1054,-0.0254,0.0000,9.56
502,-375.1801,0.0765,-0.0183,0.0000,10.82
503,-400.6204,0.1282,-0.0203,0.0000,10.46
504,-359.0920,0.1678,-0.0108,0.0000,9.84
505,-374.5225,0.2798,-0.0260,0.0000,10.65
506,-382.3705,0.1131,-0.0287,0.0000,10.53
507,-370.3670,0.1272,-0.0272,0.0000,9.66
508,-380.1274,0.0847,-0.0203,0.0000,10.62
509,-373.0204,0.1217,-0.0218,0.0000,10.74
510,-394.3832,0.0518,-0.0297,0.0000,9.98
511,-375.8084,0.1209,-0.0296,0.0000,10.33
512,-344.1943,0.1587,-0.0209,0.0000,10.72
513,-373.4630,0.1276,-0.0214,0.0000,10.64
514,-338.4280,0.2277,-0.0269,0.0000,10.79
515,-364.6937,0.1166,-0.0346,0.0000,10.35
516,-340.6015,0.1589,-0.0269,0.0000,10.69
517,-372.9373,0.2411,-0.0114,0.0000,9.90
518,-346.5751,0.1275,-0.0187,0.0000,9.97
519,-364.3964,0.4152,-0.0170,354.9961,10.78
520,-367.8892,0.1041,-0.0245,0.0000,59.19
521,-339.1594,0.2511,-0.0278,0.0000,9.92
522,-369.3231,0.1350,-0.0081,0.0000,10.79
523,-400.6160,0.1280,-0.0152,0.0000,10.78
524,-370.9519,0.1698,-0.0217,0.0000,10.39
525,-346.9243,0.1377,-0.0234,0.0000,9.87
526,-357.9372,0.1079,-0.0283,0.0000,9.85
527,-339.4537,0.1461,-0.0258,0.0000,9.92
528,-345.8137,0.0899,-0.0272,0.0000,9.93
529,-340.2285,0.1649,-0.0340,0.0000,9.86
530,-358.9653,0.0957,-0.0212,0.0000,10.04
531,-371.9352,0.1433,-0.0138,0.0000,9.62
532,-354.7396,0.0768,-0.0238,0.0000,9.87
533,-359.3899,0.1339,-0.0293,0.0000,10.63
534,-350.2829,0.1369,-0.0279,0.0000,10.61
535,-351.8820,0.0893,-0.0241,0.0000,9.99
536,-390.7167,0.1092,-0.0168,0.0000,10.47
537,-310.4584,0.1573,-0.0213,0.0000,10.62
538,-386.4924,0.1609,-0.0165,0.0000,10.81
539,-338.3343,0.1042,-0.0206,362.5036,10.62
540,-353.9039,0.0912,-0.0230,0.0000,60.53
541,-364.4275,0.0921,-0.0188,0.0000,10.45
542,-376.3565,0.1739,-0.0237,0.0000,10.17
543,-367.4491,0.1165,-0.0188,0.0000,10.86
544,-368.4391,0.1715,-0.0152,0.0000,10.57
545,-329.2854,0.1112,-0.0253,0.0000,9.56
546,-343.5291,0.1692,-0.0210,0.0000,9.97
547,-364.0075,0.1638,-0.0264,0.0000,10.82
548,-333.5881,0.1740,-0.0289,0.0000,10.18
549,-347.8024,0.1040,-0.0204,0.0000,9.92
550,-376.5126,0.1704,-0.0243,0.0000,11.03
551,-370.4165,0.1238,-0.0172,0.0000,10.09
552,-402.8394,0.1313,-0.0189,0.0000,9.87
553,-360.7009,0.1241,-0.0408,0.0000,10.76
554,-361.1390,0.1587,-0.0215,0.0000,10.45
555,-384.1154,0.2091,-0.0240,0.0000,10.11
556,-366.5992,0.1589,-0.0063,0.0000,10.49
557,-360.2783,0.1297,-0.0279,0.0000,10.36
558,-396.2016,0.2498,-0.0256,0.0000,9.73
559,-363.5407,0.0877,-0.0178,356.6838,10.00
560,-377.8068,0.1397,-0.0275,0.0000,60.51
561,-362.9845,0.3061,-0.0192,0.0000,10.03
562,-366.0076,0.1689,-0.0159,0.0000,10.39
563,-373.7195,0.2948,-0.0182,0.0000,11.10
564,-382.2214,0.2092,-0.0148,0.0000,10.20
565,-361.4612,0.1017,-0.0135,0.0000,10.76
566,-373.4287,0.1735,-0.0132,0.0000,10.06
567,-391.4584,0.1067,-0.0201,0.0000,9.81
568,-369.0801,0.1603,-0.0088,0.0000,10.53
569,-372.8276,0.2141,-0.0301,0.0000,10.67
570,-372.3231,0.1991,-0.0179,0.0000,11.02
571,-329.0052,0.1397,-0.0206,0.0000,10.16
572,-401.7252,0.1636,-0.0204,0.0000,10.02
573,-400.9273,0.1533,-0.0123,0.0000,10.82
574,-355.3682,0.1748,-0.0320,0.0000,9.99
575,-373.5236,0.1723,-0.0169,0.0000,9.92
576,-351.3626,0.1044,-0.0234,0.0000,9.90
577,-385.0222,0.1798,-0.0234,0.0000,10.62
578,-387.0740,0.1647,-0.0184,0.0000,10.48
579,-356.4360,0.0723,-0.0218,419.1043,10.00
580,-398.4169,0.1582,-0.0327,0.0000,60.81
581,-346.0251,0.1396,-0.0330,0.0000,10.21
582,-395.0931,0.1201,-0.0249,0.0000,9.98
583,-407.2011,0.1041,-0.0170,0.0000,10.51
584,-354.5102,0.0853,-0.0135,0.0000,10.54
585,-339.5524,0.1218,-0.0259,0.0000,10.87
586,-355.3496,0.1240,-0.0290,0.0000,10.53
587,-348.7421,0.1180,-0.0197,0.0000,10.38
588,-374.6528,0.0821,-0.0228,0.0000,11.14
589,-384.3901,0.1777,-0.0229,0.0000,10.31
590,-362.8975,0.1157,-0.0237,0.0000,10.63
591,-402.9649,0.2815,-0.0193,0.0000,10.09
592,-376.7299,0.1290,-0.0295,0.0000,10.44
593,-361.6573,0.1041,-0.0264,0.0000,11.01
594,-361.1181,0.1749,-0.0212,0.0000,9.97
595,-362.1516,0.1530,-0.0253,0.0000,10.99
596,-387.7420,0.0865,-0.0191,0.0000,10.80
597,-369.4089,0.1378,-0.0206,0.0000,9.96
598,-348.7961,0.0757,-0.0218,0.0000,10.07
599,-356.2653,0.0964,-0.0234,424.2061,11.00
600,-380.2273,0.1141,-0.0188,0.0000,61.79
601,-378.1753,0.1814,-0.0283,0.0000,10.45
602,-346.5493,0.1248,-0.0149,0.0000,9.86
603,-355.7752,0.1113,-0.0210,0.0000,10.05
604,-352.9776,0.0994,-0.0254,0.0000,10.80
605,-368.7299,0.1336,-0.0243,0.0000,10.26
606,-360.4929,0.0965,-0.0158,0.0000,9.89
607,-359.8949,0.0864,-0.0279,0.0000,10.75
608,-357.2030,0.1097,-0.0255,0.0000,10.32
609,-350.1346,0.1246,-0.0242,0.0000,9.65
610,-358.4773,0.1194,-0.0164,0.0000,10.81
611,-342.4470,0.1247,-0.0239,0.0000,10.57
612,-370.2649,0.1743,-0.0232,0.0000,9.71
613,-362.6625,0.1195,-0.0159,0.0000,10.65
614,-361.3469,0.1105,-0.0216,0.0000,10.64
615,-364.1756,0.0763,-0.0262,0.0000,10.16
616,-377.2407,0.1601,-0.0304,0.0000,10.65
617,-380.8311,0.1708,-0.0216,0.0000,10.21
618,-365.3793,0.0930,-0.0113,0.0000,9.90
619,-363.5536,0.1129,-0.0303,388.9896,10.35
620,-364.1414,0.0835,-0.0288,0.0000,60.38
621,-367.0177,0.1377,-0.0162,0.0000,9.97
622,-367.0959,0.0959,-0.0147,0.0000,9.93
623,-327.1337,0.1218,-0.0283,0.0000,10.73
624,-376.7199,0.2322,-0.0207,0.0000,10.32
625,-368.9446,0.1090,-0.0239,0.0000,9.89
626,-356.4009,0.1118,-0.0149,0.0000,10.71
627,-329.5570,0.2149,-0.0120,0.0000,10.42
628,-377.7699,0.1776,-0.0222,0.0000,9.71
629,-357.3437,0.1403,-0.0204,0.0000,10.75
630,-354.3030,0.1225,-0.0167,0.0000,10.76
631,-395.9147,0.1877,-0.0176,0.0000,9.30
632,-340.0326,0.1233,-0.0176,0.0000,9.76
633,-384.6156,0.1213,-0.0240,0.0000,10.61
634,-343.1161,0.1060,-0.0180,0.0000,10.58
635,-348.5567,0.1031,-0.0204,0.0000,9.68
636,-365.8396,0.1512,-0.0229,0.0000,10.04
637,-383.5075,0.1656,-0.0177,0.0000,10.79
638,-358.5358,0.1465,-0.0143,0.0000,10.41
639,-365.8911,0.0897,-0.0272,551.5393,10.02
640,-360.0324,0.1648,-0.0154,0.0000,61.78
641,-373.2903,0.1243,-0.0158,0.0000,9.54
642,-359.2848,0.1046,-0.0187,0.0000,10.68
643,-374.6095,0.1411,-0.0172,0.0000,10.62
644,-356.2115,0.1650,-0.0140,0.0000,9.66
645,-338.0178,0.2481,-0.0136,0.0000,10.80
646,-385.0830,0.1460,-0.0218,0.0000,10.58
647,-349.9896,0.1258,-0.0154,0.0000,9.79
648,-357.9742,0.0611,-0.0254,0.0000,10.94
649,-403.3060,0.1074,-0.0156,0.0000,10.32
650,-341.7207,0.1568,-0.0267,0.0000,9.90
651,-363.4169,0.1129,-0.0215,0.0000,9.49
652,-362.1460,0.0839,-0.0280,0.0000,10.80
653,-324.3987,0.1365,-0.0180,0.0000,10.33
654,-368.9203,0.1265,-0.0282,0.0000,9.68
655,-374.9690,0.1110,-0.0229,0.0000,10.78
656,-361.3325,0.1088,-0.0385,0.0000,10.60
657,-355.7689,0.2260,-0.0283,0.0000,10.14
658,-362.8832,0.2053,-0.0419,0.0000,10.63
659,-391.5857,0.1656,-0.0174,361.6619,10.22
660,-370.1572,0.0986,-0.0313,0.0000,59.83
661,-350.5905,0.1320,-0.0222,0.0000,10.16
662,-325.6758,0.1301,-0.0181,0.0000,10.66
663,-364.4865,0.3181,-0.0157,0.0000,9.97
664,-378.1845,0.1941,-0.0327,0.0000,10.04
665,-351.0814,0.2207,-0.0279,0.0000,10.71
666,-395.1278,0.1463,-0.0259,0.0000,10.37
667,-384.4222,0.2495,-0.0289,0.0000,9.97
668,-391.6786,0.3532,-0.0337,0.0000,9.94
669,-407.8682,0.1562,-0.0090,0.0000,9.78
670,-377.0257,0.2212,-0.0353,0.0000,10.11
671,-383.5205,0.1989,-0.0447,0.0000,9.68
672,-392.5544,0.2270,-0.0310,0.0000,9.90
673,-403.3075,0.2083,-0.0346,0.0000,9.86
674,-387.7887,0.1179,-0.0293,0.0000,9.90
675,-409.1055,0.1437,-0.0357,0.0000,9.93
676,-402.9045,0.0984,-0.0293,0.0000,9.96
677,-408.0562,0.1414,-0.0543,0.0000,9.75
678,-404.9312,0.0812,-0.0362,0.0000,10.01
679,-366.2169,0.1010,-0.0345,464.7263,10.03
680,-370.3786,0.1326,-0.0286,0.0000,59.80
681,-377.0061,0.1510,-0.0273,0.0000,9.95
682,-360.6948,0.1113,-0.0414,0.0000,10.44
683,-374.3615,0.1260,-0.0165,0.0000,10.19
684,-387.3002,0.1241,-0.0425,0.0000,10.10
685,-403.0128,0.1027,-0.0312,0.0000,10.70
686,-360.5118,0.0976,-0.0316,0.0000,10.17
687,-355.6858,0.1660,-0.0358,0.0000,9.99
688,-400.1718,0.1455,-0.0262,0.0000,10.78
689,-392.0316,0.1039,-0.0288,0.0000,10.24
690,-389.9185,0.1439,-0.0239,0.0000,10.13
691,-387.5684,0.1088,-0.0371,0.0000,10.56
692,-396.3621,0.1246,-0.0425,0.0000,10.29
693,-385.5270,0.0969,-0.0333,0.0000,9.80
694,-367.9301,0.1126,-0.0288,0.0000,10.78
695,-386.1890,0.0957,-0.0244,0.0000,10.49
696,-360.0452,0.1234,-0.0368,0.0000,10.20
697,-364.2295,0.1287,-0.0333,0.0000,10.90
698,-374.3881,0.2944,-0.0308,0.0000,10.09
699,-336.8013,0.1098,-0.0211,450.9031,10.52
700,-389.2379,0.1583,-0.0316,0.0000,59.22
701,-358.8990,0.1569,-0.0131,0.0000,10.38
702,-378.8700,0.1577,-0.0255,0.0000,10.33
703,-357.2854,0.1329,-0.0208,0.0000,10.85
704,-378.3716,0.0787,-0.0282,0.0000,10.60
705,-387.5273,0.1587,-0.0360,0.0000,10.20
706,-397.0075,0.0834,-0.0182,0.0000,10.75
707,-358.4736,0.1090,-0.0197,0.0000,10.22
708,-404.5533,0.1208,-0.0353,0.0000,9.78
709,-378.0893,0.2138,-0.0318,0.0000,10.21
710,-449.2721,0.1699,-0.0093,0.0000,10.96
711,-401.9585,0.1743,-0.0345,0.0000,9.74
712,-358.5890,0.1660,-0.0227,0.0000,9.91
713,-382.6544,0.0896,-0.0212,0.0000,10.77
714,-384.3915,0.0967,-0.0345,0.0000,10.38
715,-367.7440,0.0822,-0.0141,0.0000,10.06
716,-370.8129,0.1046,-0.0268,0.0000,10.68
717,-379.4954,0.0820,-0.0174,0.0000,10.26
718,-397.1916,0.1256,-0.0284,0.0000,10.19
719,-403.6342,0.1271,-0.0244,377.1668,10.51
720,-389.2566,0.1655,-0.0341,0.0000,60.61
721,-377.9825,0.1045,-0.0407,0.0000,9.52
722,-387.0748,0.1219,-0.0281,0.0000,10.79
723,-365.7366,0.1150,-0.0093,0.0000,10.56
724,-381.1275,0.0961,-0.0266,0.0000,9.66
725,-348.9707,0.1302,-0.0108,0.0000,10.66
726,-382.4692,0.2699,-0.0206,0.0000,10.67
727,-341.2324,0.0870,-0.0276,0.0000,10.27
728,-388.2557,0.1219,-0.0234,0.0000,10.72
729,-380.9860,0.1274,-0.0259,0.0000,10.02
730,-361.5583,0.1448,-0.0178,0.0000,11.07
731,-377.9593,0.1486,-0.0255,0.0000,9.91
732,-363.3371,0.1295,-0.0261,0.0000,10.16
733,-385.7936,0.1909,-0.0396,0.0000,10.81
734,-378.9001,0.1402,-0.0187,0.0000,10.43
735,-327.5457,0.1357,-0.0245,0.0000,9.80
736,-394.3484,0.1919,-0.0257,0.0000,10.80
737,-351.9748,0.1107,-0.0327,0.0000,10.41
738,-397.2204,0.1398,-0.0320,0.0000,9.74
739,-369.9655,0.2189,-0.0321,359.3405,10.73
740,-340.8650,0.1146,-0.0304,0.0000,61.05
741,-352.3966,0.1457,-0.0316,0.0000,10.54
742,-366.6753,0.1106,-0.0122,0.0000,10.09
743,-366.4316,0.1440,-0.0212,0.0000,10.71
744,-338.3018,0.1137,-0.0195,0.0000,11.30
745,-358.9270,0.1037,-0.0121,0.0000,10.55
746,-379.7458,0.1295,-0.0204,0.0000,10.77
747,-388.2737,0.1183,-0.0289,0.0000,10.89
748,-359.9891,0.1623,-0.0244,0.0000,10.61
749,-358.3216,0.1629,-0.0412,0.0000,10.69
750,-349.8233,0.1254,-0.0271,0.0000,10.73
751,-359.6715,0.1655,-0.0319,0.0000,9.92
752,-319.8326,0.1263,-0.0321,0.0000,10.77
753,-381.0212,0.1703,-0.0227,0.0000,10.30
754,-408.2884,0.1945,-0.0343,0.0000,10.38
755,-364.8864,0.1302,-0.0327,0.0000,11.04
756,-371.6991,0.0985,-0.0271,0.0000,10.24
757,-362.6998,0.1864,-0.0232,0.0000,10.63
758,-402.6996,0.1635,-0.0355,0.0000,10.15
759,-370.3433,0.1366,-0.0228,453.3603,9.75
760,-370.9500,0.1182,-0.0255,0.0000,59.81
761,-363.0160,0.1412,-0.0276,0.0000,10.60
762,-337.5338,0.1011,-0.0353,0.0000,10.49
763,-366.8064,0.0914,-0.0188,0.0000,10.88
764,-372.3599,0.1126,-0.0341,0.0000,10.54
765,-388.8908,0.1555,-0.0180,0.0000,9.72
766,-346.9488,0.1267,-0.0307,0.0000,10.33
767,-322.9833,0.1356,-0.0321,0.0000,10.97
768,-332.0182,0.1152,-0.0322,0.0000,9.79
769,-391.9754,0.2150,-0.0446,0.0000,10.09
770,-392.5276,0.1664,-0.0191,0.0000,11.32
771,-351.4317,0.1003,-0.0241,0.0000,9.58
772,-395.7841,0.1872,-0.0343,0.0000,10.38
773,-352.0643,0.1482,-0.0319,0.0000,10.86
774,-358.2042,0.2638,-0.0310,0.0000,9.87
775,-384.2367,0.1728,-0.0105,0.0000,10.31
776,-372.3737,0.1864,-0.0234,0.0000,10.36
777,-343.5080,0.1748,-0.0425,0.0000,9.87
778,-388.7011,0.1543,-0.0187,0.0000,9.90
779,-362.0789,0.1391,-0.0283,550.5431,10.35
780,-358.2486,0.1570,-0.0257,0.0000,62.95
781,-357.6486,0.0668,-0.0264,0.0000,9.87
782,-384.5455,0.1521,-0.0197,0.0000,9.93
783,-360.5088,0.2016,-0.0158,0.0000,9.89
784,-349.5660,0.1886,-0.0227,0.0000,10.38
785,-404.0181,0.0977,-0.0269,0.0000,10.72
786,-356.5758,0.1080,-0.0303,0.0000,10.00
787,-380.1692,0.1377,-0.0193,0.0000,10.53
788,-381.0974,0.0987,-0.0270,0.0000,10.45
789,-395.3869,0.0704,-0.0264,0.0000,10.29
790,-371.0496,0.0663,-0.0396,0.0000,10.87
791,-359.3893,0.1427,-0.0291,0.0000,9.79
792,-357.4543,0.0949,-0.0329,0.0000,10.13
793,-408.8846,0.1753,-0.0325,0.0000,10.66
794,-389.7091,0.1078,-0.0323,0.0000,10.23
795,-430.8685,0.1532,-0.0370,0.0000,9.96
796,-415.5185,0.1694,-0.0357,0.0000,10.92
797,-389.2289,0.1397,0.0523,0.0000,10.12
798,-442.4539,0.1333,-0.0323,0.0000,9.75
799,-421.0515,0.2368,-0.0371,493.8801,10.80
